{"NSH": 0.08534743202416918, "OTT": -0.3926659528907923, "TOR": -0.5457524908232826, "LAK": 0.9368650217706821, "NJD": 0.7248520710059172, "SEA": 1.440142517814727, "STL": 1.3854408352668213, "DAL": 1.0858386075949367, "CHI": 0.3894523326572008, "VAN": 0.6473389355742297, "FLA": 1.9449192782526117, "BUF": -0.4611076540136901, "SJS": 0.5952380952380952, "New York Rangers": 1.9385735080058224, "MTL": 1.9531405782652045, "MIN": 0.9651656754460493, "CGY": 3.4936567164179104, "ARI": -0.8738738738738738, "WSH": 0.49721254355400696, "CBJ": -1.0615696887686061, "VGK": -0.12489991993594876, "ANA": -0.304270462633452, "DET": 0.7625546988956032, "CAR": 0.09395465994962217, "NYI": 0.074085554866708, "PHI": 2.1122367368701678, "PIT": 0.37921760391198045, "COL": 0.014610888957243925, "BOS": 0.053256445047489824, "EDM": 0.04111977030352748, "TBL": -0.3083844580777096, "WPG": 0.8359141537625645}