{"VAN": -0.3199328187535735, "MIN": -0.7838664812239221, "STL": 0.08460172501268391, "OTT": -0.12008910490076954, "TOR": -0.6007826965157381, "LAK": 0.09326923076923077, "CGY": 0.3512092534174553, "SEA": 0.4268684852517188, "DAL": 1.960302337398374, "SJS": 0.5008992805755396, "CBJ": -0.7041387024608501, "WSH": 0.9819233021077284, "BUF": -1.179182616527809, "MTL": 0.6917396745932416, "CHI": 0.6202733485193622, "NSH": 0.7367617107942973, "ARI": 4.278499278499279, "NYR": 1.4377564418184803, "FLA": -1.0901243093922652, "VGK": 0.7738473767885533, "NJD": -1.3838620211475126, "ANA": -1.164071510957324, "DET": 0.44452910697957937, "CAR": 0.6045304986079474, "NYI": -1.7933477055743763, "PHI": -1.2214871094416937, "PIT": -0.38549046321525887, "COL": 1.5047870436649964, "BOS": 0.5854511541151783, "EDM": 0.5827408103031929, "TBL": 0.1851383714741884, "WPG": -0.05557846978758507}