{"NSH": 0.8657046281851274, "MIN": 0.18370433099443503, "TOR": 1.386836935166994, "ARI": -1.5452586206896552, "VGK": 0.6520326906957251, "SEA": 1.6282365290412877, "DAL": 0.27721685689201053, "CHI": -0.27155356380708495, "VAN": -0.3635655533399801, "FLA": 0.892415596766524, "BUF": -0.65234375, "CBJ": -0.1475738781466618, "SJS": -0.6198248407643312, "MTL": 0.45793991416309016, "OTT": -0.17368913857677903, "STL": -0.11998269896193772, "NYR": 1.6911734589391767, "NJD": -2.3769263698630136, "LAK": 0.9382807852468769, "CGY": 1.0502509410288583, "WSH": 0.1881733594515181, "ANA": -0.43712753277711563, "DET": 3.636091049780758, "CAR": -0.735137851809305, "NYI": -1.3225978647686834, "PHI": -0.6360949924779712, "PIT": -0.3326578858493752, "COL": 0.5041074909495962, "BOS": 0.6363776771004942, "EDM": -0.19315623592976136, "TBL": -1.0909868796349116, "WPG": 0.4112971598134803}