{"NSH": -0.3987915407854985, "OTT": -0.8285599571734475, "TOR": -1.1019271106449922, "LAK": 0.3737300435413643, "NJD": 0.11165680473372781, "SEA": 0.774228028503563, "STL": 0.7745069605568445, "DAL": 0.5037579113924051, "CHI": 0.012170385395537525, "VAN": -0.11190476190476191, "FLA": 1.3708452041785375, "BUF": -1.044803982576229, "SJS": 0.23979591836734693, "NYR": 1.1510917030567687, "MTL": 1.278830176138252, "MIN": 0.4570943075615973, "CGY": 2.430410447761194, "ARI": -1.3633633633633633, "WSH": 0.1186411149825784, "CBJ": -1.4807171853856562, "VGK": -0.7361889511609288, "ANA": -0.6797153024911032, "DET": 0.07819337361950407, "CAR": -0.7520151133501259, "NYI": -0.5844699318040918, "PHI": 1.3353772327379365, "PIT": -0.09572127139364303, "COL": -0.6472623808059059, "BOS": -0.6909769335142469, "EDM": -0.6752973748974569, "TBL": -0.9120654396728016, "WPG": -0.05175224123879381}