,Team,PTS,P%,pos_score
11,EDM,4.0,0.4,-0.6752973748974569
11,EDM,9.0,0.6428571428571429,-0.19315623592976136
11,EDM,11.0,0.7857142857142857,1.562987987987988
11,EDM,11.0,0.6875,0.5827408103031929
11,EDM,10.0,0.5,-0.04030402131782946
