,Team,pos_score,time_period
29,EDM,-0.6752973748974569,feb1_feb15
29,EDM,-0.19315623592976136,feb16_feb29
29,EDM,1.562987987987988,mar1_mar15
29,EDM,0.5827408103031929,mar16_mar31
29,EDM,-0.04030402131782946,apr1_apr18
