{"VAN": 0.4299456767768221, "MIN": 0.21209580838323353, "SEA": 1.6847677595628416, "CHI": 0.5672698662470496, "SJS": 1.9800420168067228, "STL": -0.2623355263157895, "CGY": 0.7314718839077481, "TOR": -0.6970811220621683, "ARI": 0.6339946200403497, "DAL": 0.7767814155031295, "OTT": -0.9942155756207675, "FLA": -0.454953510740622, "MTL": 0.6917339962709758, "WSH": -0.7717519452959207, "CBJ": 1.0928741800834825, "VGK": 0.6986781984334204, "LAK": 0.21476510067114093, "NSH": 0.15404761904761904, "BUF": -0.42045454545454547, "NJD": -1.7672607038780543, "NYR": -0.7612860892388451, "ANA": 0.1906779661016949, "DET": 0.30665596002855106, "CAR": 0.4963037634408602, "NYI": -0.06207172224760164, "PHI": -2.065211048434157, "PIT": -0.008551634552933535, "COL": -1.5965661495555168, "BOS": -0.2253122790478435, "EDM": -0.04030402131782946, "TBL": 0.049167927382753406, "WPG": 0.9975126804525947}