{"LAK": 1.066376306620209, "CHI": 0.3408999598232222, "MIN": 0.4214335745972449, "STL": -0.007363253856942496, "OTT": -1.0723507712944333, "TOR": -1.087967748604507, "SEA": 0.806415620641562, "WSH": 0.17845326716294457, "CGY": 1.069226393629124, "DAL": 0.9236947791164659, "NJD": -2.3918754674644727, "CBJ": -0.26407734056987786, "NYR": 0.43272949318135556, "FLA": 0.5006788207913111, "SJS": 0.5219444444444444, "ARI": -0.21022727272727273, "MTL": 0.43068974771873325, "BUF": 0.5960519980741454, "VGK": 1.2368787276341948, "VAN": 0.400990099009901, "NSH": 0.7907298512625389, "ANA": -0.12931798051372898, "DET": -2.297995174632353, "CAR": -0.5171979865771812, "NYI": 0.8141905135241082, "PHI": -0.294512787309809, "PIT": -1.089410348977136, "COL": 1.9278993435448577, "BOS": 1.4435644799201797, "EDM": 1.562987987987988, "TBL": 0.9010638297872341, "WPG": 0.4478654921226495}